Feature,Score_(R^2)_Left,Score_(R^2)_Right,Mean_Mean_left,Var_Mean_left,Mean_Mean_right,Var_Mean_right,Mean_Var_left,Var_Var_left,Mean_Var_right,Var_Var_right
CSP1,0.03254570929899259,0.04179456825572758,0.3626075153909965,0.04401209161367857,0.5847274238371597,0.1708765493377713,0.04401209161367857,0.3626075153909965,0.1708765493377713,0.5847274238371597
CSP2,0.009606116145094878,0.0008926059458133073,0.4456985631483178,0.016498278000427823,0.5649531870918907,0.016306595061178257,0.016498278000427823,0.4456985631483178,0.016306595061178257,0.5649531870918907
CSP3,0.020690475257872376,0.24769557091845784,0.45758553053532963,0.014521240824320571,0.5336765927569703,0.029274293690838244,0.014521240824320571,0.45758553053532963,0.029274293690838244,0.5336765927569703
E1_BP_15.5_18.5,0.016570907375112243,1.7933838922012946e-05,0.14017364257214682,2.4405097775258677,-0.046023775443790396,0.34100689482443985,2.4405097775258677,0.14017364257214682,0.34100689482443985,-0.046023775443790396
E1_BP_8_10.5,0.19508022785188028,0.2609379164421345,0.09974546257219859,1.3988067325342974,0.14801106569127237,0.8564705341259791,1.3988067325342974,0.09974546257219859,0.8564705341259791,0.14801106569127237
E1_BP_10_15.5,0.0345060455087417,7.050106054984351e-05,-0.132494385531154,0.8546172865566419,-0.07473474008699041,1.0770714512276294,0.8546172865566419,-0.132494385531154,1.0770714512276294,-0.07473474008699041
E1_BP_17.5_20.5,0.0689710925651641,0.010435652310354815,-0.03434045516383263,1.920872233424134,-0.08415527519548856,0.49968702987682995,1.920872233424134,-0.03434045516383263,0.49968702987682995,-0.08415527519548856
E1_BP_12.5_30,0.0735887807440554,0.03546692503650273,-0.05680570183845172,1.9152756729881886,-0.07003356451542661,0.5776245710590111,1.9152756729881886,-0.05680570183845172,0.5776245710590111,-0.07003356451542661
E1_RTP,0.22726589468880343,0.021268333702994635,-0.3639369874503117,0.4771435317907754,-0.10998509519360752,0.29099654328440466,0.4771435317907754,-0.3639369874503117,0.29099654328440466,-0.10998509519360752
E1_SPEC_MOM,0.08160950031387959,0.10022001987344487,-0.14544543626726353,0.9583539769324554,-0.13979231380883284,0.5464395030236213,0.9583539769324554,-0.14544543626726353,0.5464395030236213,-0.13979231380883284
E1_SPEC_EDGE,0.0011372316426153661,0.005857019688336962,-0.15175684160218522,0.6099867445263407,-0.11894538509576014,1.0162933753104035,0.6099867445263407,-0.15175684160218522,1.0162933753104035,-0.11894538509576014
E1_SPEC_ENT,0.007655933397789916,0.0014852748519871284,0.04596584319103135,1.0196389539571222,-0.24531376541679148,0.6478205651127784,1.0196389539571222,0.04596584319103135,0.6478205651127784,-0.24531376541679148
E1_SLOPE,0.011082778356740652,0.030283316494577495,-0.3713783188362786,0.5083376226002171,0.09979065905023672,1.1629534307979412,0.5083376226002171,-0.3713783188362786,1.1629534307979412,0.09979065905023672
E1_INTERCEPT,0.009697925355933612,0.02271747069518748,0.07256682990846987,1.3859269394405143,-0.007251638548529069,0.40173198775558844,1.3859269394405143,0.07256682990846987,0.40173198775558844,-0.007251638548529069
E1_MEAN_FREQ,0.2954023479213148,0.19323266422341656,0.39642204172409645,2.410733939607184,-0.12141625909972176,0.2878291931804589,2.410733939607184,0.39642204172409645,0.2878291931804589,-0.12141625909972176
E1_OCC_BAND,0.037494395090585275,0.007773824768724458,-0.3502519772437982,0.44046456590037836,0.3262435566123071,1.2884752624347466,0.44046456590037836,-0.3502519772437982,1.2884752624347466,0.3262435566123071
E1_POWER_BAND,0.08316862548774973,0.003933359411645965,0.02752650402097866,1.3030877680090407,0.26364386156441555,0.9216694695788095,1.3030877680090407,0.02752650402097866,0.9216694695788095,0.26364386156441555
E1_WLT_ENT,0.0396322266175031,3.534762382995105e-05,-0.1377850919692569,0.6162945138404814,0.49712260506872824,1.2424172861371487,0.6162945138404814,-0.1377850919692569,1.2424172861371487,0.49712260506872824
E1_KURT,0.03532354307978436,0.0021658689922451346,-0.052101272000766294,0.8521322054838979,0.4100770802429506,1.3155399480977392,0.8521322054838979,-0.052101272000766294,1.3155399480977392,0.4100770802429506
E1_SKEW,0.01710375088183802,0.08256731539654916,-0.17111535671414463,0.829992533579102,0.49833740769130613,1.3955165783842225,0.829992533579102,-0.17111535671414463,1.3955165783842225,0.49833740769130613
E1_VAR,0.0010262250395605133,0.09116544950725247,0.04703651523457943,1.463669210818549,0.2715869741331162,1.0190948035338425,1.463669210818549,0.04703651523457943,1.0190948035338425,0.2715869741331162
E1_STD,0.10708048463162823,0.005305399177035541,-0.04831839627350743,0.8966462749042966,0.29526945866191606,0.8530642648569042,0.8966462749042966,-0.04831839627350743,0.8530642648569042,0.29526945866191606
E1_LOG_ENE_ENT,0.0791241178629345,0.007115194293946692,-0.12959487001525996,0.8470770922221448,0.29258460439043643,1.1255391649166224,0.8470770922221448,-0.12959487001525996,1.1255391649166224,0.29258460439043643
E1_BETA_ALPHA_RATIO,0.02905872460048442,0.007422248136295551,-0.15430087412651403,0.5609312443966805,0.28737971425497083,1.2412527394495403,0.5609312443966805,-0.15430087412651403,1.2412527394495403,0.28737971425497083
E1_BP_THETA,0.08985730334896358,0.0036121210063176923,-0.20613589914635772,0.26427925151166953,0.39324351170053157,1.9503391062952118,0.26427925151166953,-0.20613589914635772,1.9503391062952118,0.39324351170053157
E2_BP_15.5_18.5,0.04137332897343926,0.23233983512340706,-0.017210987650942613,0.797373960715207,0.265724876919729,1.9996012135425327,0.797373960715207,-0.017210987650942613,1.9996012135425327,0.265724876919729
E2_BP_8_10.5,0.005513108826944557,0.01720868756464855,-0.3886743289491502,0.473959784721471,-0.14314476211536958,0.6210591585224536,0.473959784721471,-0.3886743289491502,0.6210591585224536,-0.14314476211536958
E2_BP_10_15.5,0.03011090989294629,0.02069319266886893,-0.3361788633814285,0.3992446801388317,0.3425491101941164,1.5142973802228352,0.3992446801388317,-0.3361788633814285,1.5142973802228352,0.3425491101941164
E2_BP_17.5_20.5,4.5286623178708574e-05,0.07888821082042041,-0.16912654965623292,0.7762730642166974,-0.010245625024558563,1.3823247069181153,0.7762730642166974,-0.16912654965623292,1.3823247069181153,-0.010245625024558563
E2_BP_12.5_30,0.0024417976224626603,0.07106437623592943,-0.11327660376735733,1.1247402885100128,-0.0054410642093374265,0.7240846025911967,1.1247402885100128,-0.11327660376735733,0.7240846025911967,-0.0054410642093374265
E2_RTP,0.016516970988945334,0.11722145766616032,-0.19699565400374422,0.8324996833391192,-0.051319013670152805,1.1537588095225924,0.8324996833391192,-0.19699565400374422,1.1537588095225924,-0.051319013670152805
E2_SPEC_MOM,8.339367267395925e-05,0.11975093486377597,-0.12370630084242773,1.2267210767999335,-0.1283511226910471,0.3895337896608901,1.2267210767999335,-0.12370630084242773,0.3895337896608901,-0.1283511226910471
E2_SPEC_EDGE,0.0034509310727177667,0.025167692877451242,-0.2533064896958669,0.33745806295130926,0.005719655335805263,1.7186657453019492,0.33745806295130926,-0.2533064896958669,1.7186657453019492,0.005719655335805263
E2_SPEC_ENT,0.0028235283794867394,1.320189243736447e-05,-0.3388059885665136,0.3365749191876587,0.13872510905409827,1.428649072824541,0.3365749191876587,-0.3388059885665136,1.428649072824541,0.13872510905409827
E2_SLOPE,0.0009518755603949991,0.013113269188444132,-0.29149410563091593,0.37451257330571275,0.056010264898724835,1.6989664469293788,0.37451257330571275,-0.29149410563091593,1.6989664469293788,0.056010264898724835
E2_INTERCEPT,0.03301064196916259,0.0884728399758885,-0.25723613720609856,0.300997227089391,0.18338290674377114,1.5925750139130512,0.300997227089391,-0.25723613720609856,1.5925750139130512,0.18338290674377114
E2_MEAN_FREQ,0.03828119430301846,0.0015860826356500768,-0.09639891582224633,0.06748289319488068,-0.1452894080417566,0.021306728584349042,0.06748289319488068,-0.09639891582224633,0.021306728584349042,-0.1452894080417566
E2_OCC_BAND,0.0037308321393504373,0.005174806316162073,-0.12966059941356298,0.4692776293758958,0.1419969024770403,1.8044468497675967,0.4692776293758958,-0.12966059941356298,1.8044468497675967,0.1419969024770403
E2_POWER_BAND,0.01934403120360051,0.15792730342922423,-0.19153958483320416,0.4475179083242214,-0.21460422365935936,0.36910274658102804,0.4475179083242214,-0.19153958483320416,0.36910274658102804,-0.21460422365935936
E2_WLT_ENT,0.002928513625081064,0.07425133944123741,-0.13403340867592028,0.3346285007053872,-0.1594270469540587,0.5938700264747822,0.3346285007053872,-0.13403340867592028,0.5938700264747822,-0.1594270469540587
E2_KURT,0.000324605902338293,0.327986465443162,-0.22090378436198335,0.6071357076030591,0.08187705572233786,0.7557884625571695,0.6071357076030591,-0.22090378436198335,0.7557884625571695,0.08187705572233786
E2_SKEW,0.21740967091447883,0.20579889051803257,-0.1516658082485387,0.525909215919505,-0.12611526716357416,0.5775720302032166,0.525909215919505,-0.1516658082485387,0.5775720302032166,-0.12611526716357416
E2_VAR,0.00946085340214775,0.07309133845009408,-0.11394212841039826,0.6674876338795601,0.06779292730281086,0.8762355046510919,0.6674876338795601,-0.11394212841039826,0.8762355046510919,0.06779292730281086
E2_STD,0.01933737270923519,0.04527949458398284,-0.12011969601308095,0.42500964797673546,-0.20272400240207628,0.34285531299133915,0.42500964797673546,-0.12011969601308095,0.34285531299133915,-0.20272400240207628
E2_LOG_ENE_ENT,0.08103326640462138,0.01679134507425506,-0.09846204561126477,0.8681218482682084,-0.20107019277066046,0.33085241657299846,0.8681218482682084,-0.09846204561126477,0.33085241657299846,-0.20107019277066046
E2_BETA_ALPHA_RATIO,0.008095962729595452,0.0768089259828828,-0.3040751564159848,0.5436897549205726,-0.07954644921046612,0.6050676028085548,0.5436897549205726,-0.3040751564159848,0.6050676028085548,-0.07954644921046612
E2_BP_THETA,0.05508794906802483,0.028220894187771406,-0.14488832122562623,0.9314558532284989,0.016077315198802854,0.6276922393856812,0.9314558532284989,-0.14488832122562623,0.6276922393856812,0.016077315198802854
E3_BP_15.5_18.5,0.30583866561596773,0.1958782317085458,0.39305759890670666,1.9902151187857524,-0.07474925584219769,0.6978264611522567,1.9902151187857524,0.39305759890670666,0.6978264611522567,-0.07474925584219769
E3_BP_8_10.5,0.20639924036812018,0.05301321448979557,0.1329270457941754,1.2103573133302226,-0.08646605532425385,0.7256052905089728,1.2103573133302226,0.1329270457941754,0.7256052905089728,-0.08646605532425385
E3_BP_10_15.5,0.09818164246458005,0.03135784686824794,0.0053957692438881075,1.0165996921029306,-0.13199852848823665,0.8689899387942747,1.0165996921029306,0.0053957692438881075,0.8689899387942747,-0.13199852848823665
E3_BP_17.5_20.5,0.056725179713165486,0.01693152363520234,-0.16053576483271978,0.6762819987154369,-0.1155794118058628,0.6581668830958364,0.6762819987154369,-0.16053576483271978,0.6581668830958364,-0.1155794118058628
E3_BP_12.5_30,0.06641823879142394,0.0338416226672793,-0.13061127697664043,0.8995784964890905,-0.2627940823123749,0.6921180127361445,0.8995784964890905,-0.13061127697664043,0.6921180127361445,-0.2627940823123749
E3_RTP,0.0544906894686612,0.006864811752098077,-0.05746183442411512,1.0403488058611894,-0.19460969224963368,0.5608447946829391,1.0403488058611894,-0.05746183442411512,0.5608447946829391,-0.19460969224963368
E3_SPEC_MOM,0.00041565143737143373,0.021141285362139217,-0.15096976459944383,1.0302533132020217,-0.19714608896586144,1.0692266298723594,1.0302533132020217,-0.15096976459944383,1.0692266298723594,-0.19714608896586144
E3_SPEC_EDGE,0.10902322699248312,0.03738353535642003,0.12209135481965028,0.9609038517052818,-0.03577608189252085,1.0389898426018975,0.9609038517052818,0.12209135481965028,1.0389898426018975,-0.03577608189252085
E3_SPEC_ENT,0.08238252499750254,0.1204979705558179,-0.1808974449689353,0.5835659230109644,0.08594563181511969,1.1128440780530706,0.5835659230109644,-0.1808974449689353,1.1128440780530706,0.08594563181511969
E3_SLOPE,0.20247699619804127,0.012674896385087453,0.3859540007919796,1.186447075308423,-0.22675042032786957,0.8715931568359816,1.186447075308423,0.3859540007919796,0.8715931568359816,-0.22675042032786957
E3_INTERCEPT,0.05486894586100777,0.05763538410762126,-0.1641204652711647,0.6068475628054407,-0.06549929021428591,0.6449268606950939,0.6068475628054407,-0.1641204652711647,0.6449268606950939,-0.06549929021428591
E3_MEAN_FREQ,0.3106069213861046,0.44146998809024773,0.2507145351914479,1.1163351808376831,0.14377161585442172,0.9685528018993044,1.1163351808376831,0.2507145351914479,0.9685528018993044,0.14377161585442172
E3_OCC_BAND,0.1205342870845878,0.23380156795909068,0.06313605385231971,0.6675984830382993,0.22527786010478038,1.2373889985513054,0.6675984830382993,0.06313605385231971,1.2373889985513054,0.22527786010478038
E3_POWER_BAND,0.0710152021536089,0.08016427191600606,-0.43265316665082026,0.21940163506896396,-0.3362605684882741,0.16241134953249825,0.21940163506896396,-0.43265316665082026,0.16241134953249825,-0.3362605684882741
E3_WLT_ENT,0.2116146024534109,0.06761760309524323,-0.3147809781663927,0.5057124248129701,-0.395444329385126,0.11610884232406735,0.5057124248129701,-0.3147809781663927,0.11610884232406735,-0.395444329385126
E3_KURT,0.22441674692524705,0.13954050845792532,-0.03349849401602363,0.7605996822386699,-0.037441056061960895,0.9841644163421288,0.7605996822386699,-0.03349849401602363,0.9841644163421288,-0.037441056061960895
E3_SKEW,0.06411661380283418,0.13711178728379947,-0.10088975948652008,0.5658125194148226,0.2703264481141751,1.378193694079672,0.5658125194148226,-0.10088975948652008,1.378193694079672,0.2703264481141751
E3_VAR,0.024573090103182316,0.15638891438591773,-0.11569542262485492,0.5970517451993115,0.132044549350206,1.3171781904641455,0.5970517451993115,-0.11569542262485492,1.3171781904641455,0.132044549350206
E3_STD,0.032413819327127946,0.007805375433626027,-0.4153583627274255,0.21499797490366857,-0.315785895226868,0.14072162933360122,0.21499797490366857,-0.4153583627274255,0.14072162933360122,-0.315785895226868
E3_LOG_ENE_ENT,0.0016258640822083281,0.0009016278057379923,-0.3856908736054375,0.1448125906030414,-0.36715135395608256,0.13459327133011229,0.1448125906030414,-0.3856908736054375,0.13459327133011229,-0.36715135395608256
E3_BETA_ALPHA_RATIO,0.16548815675618267,0.0013954329195897675,-0.3130543102771071,0.35219990247723504,-0.3507661212212182,0.14167139417365732,0.35219990247723504,-0.3130543102771071,0.14167139417365732,-0.3507661212212182
E3_BP_THETA,0.028584390720369446,0.044205222565691926,-0.3182455312520227,0.24511812827935744,-0.4681761734624447,0.12473480279003427,0.24511812827935744,-0.3182455312520227,0.12473480279003427,-0.4681761734624447
E4_BP_15.5_18.5,0.0016056154535276645,0.17386105158836396,-0.12386080036774086,1.178105948605872,-0.15720143916013837,0.6108415061010765,1.178105948605872,-0.12386080036774086,0.6108415061010765,-0.15720143916013837
E4_BP_8_10.5,0.08293559053320776,0.36674655338663986,-0.11577836336842265,1.0322127350402688,0.05426762081036115,1.4463712903487864,1.0322127350402688,-0.11577836336842265,1.4463712903487864,0.05426762081036115
E4_BP_10_15.5,0.16884043358588363,0.0011608591313356786,0.40910789114440516,0.8189735242281542,0.272985202011068,0.35337074759758036,0.8189735242281542,0.40910789114440516,0.35337074759758036,0.272985202011068
E4_BP_17.5_20.5,0.40405378790575,0.16944769948143557,0.3381367373097065,1.0832350687318848,0.23149228285275597,0.47922172097658133,1.0832350687318848,0.3381367373097065,0.47922172097658133,0.23149228285275597
E4_BP_12.5_30,0.22900563602737967,0.20812255197905827,-0.019992814722000356,1.2396118381719168,0.10519749543235286,1.293419166150171,1.2396118381719168,-0.019992814722000356,1.293419166150171,0.10519749543235286
E4_RTP,0.018934211514704313,0.17659465512677452,-0.10222306336469042,0.9102157116130801,0.031441348932208874,1.3761395743108684,0.9102157116130801,-0.10222306336469042,1.3761395743108684,0.031441348932208874
E4_SPEC_MOM,0.05622231590110782,0.316281290672645,-0.04340526272877075,1.045701906344767,0.07227021947353547,1.4794084808914492,1.045701906344767,-0.04340526272877075,1.4794084808914492,0.07227021947353547
E4_SPEC_EDGE,0.09962761665009068,0.010344388532731452,0.37000304303204024,0.7293418422359104,0.23175551807141384,0.46701389108623276,0.7293418422359104,0.37000304303204024,0.46701389108623276,0.23175551807141384
E4_SPEC_ENT,0.05465104385374131,0.04221415637202086,0.22135073749919093,0.5709639086287578,0.32282457359963296,0.3934919906416783,0.5709639086287578,0.22135073749919093,0.3934919906416783,0.32282457359963296
E4_SLOPE,0.2499842549765816,0.08300041824034787,0.3059315183017872,0.9191627751137906,0.18601290903645223,0.3964749402550059,0.9191627751137906,0.3059315183017872,0.3964749402550059,0.18601290903645223
E4_INTERCEPT,0.20074307399346458,0.15953262506145316,0.18830988927317766,0.8886518878700309,0.48556277673741305,0.42674482973973243,0.8886518878700309,0.18830988927317766,0.42674482973973243,0.48556277673741305
E4_MEAN_FREQ,0.0006827163528126956,0.08596293884317119,-0.10190122897627388,1.2312480019799739,-0.09234798875974819,0.5563477740767859,1.2312480019799739,-0.10190122897627388,0.5563477740767859,-0.09234798875974819
E4_OCC_BAND,0.05569617112087144,0.31254177109440273,0.003764968986722106,1.2369664557235738,0.13930385250871993,1.4696631157111768,1.2369664557235738,0.003764968986722106,1.4696631157111768,0.13930385250871993
E4_POWER_BAND,0.19703530979347106,0.019144127509342912,0.4009569640321149,0.8834100017768651,0.26877334951603304,0.3557402617914749,0.8834100017768651,0.4009569640321149,0.3557402617914749,0.26877334951603304
E4_WLT_ENT,0.32570329934425113,0.12491734221547313,0.3206808711509189,1.1993502475247522,0.2170762820098529,0.5380099009900988,1.1993502475247522,0.3206808711509189,0.5380099009900988,0.2170762820098529
E4_KURT,0.2071900294343194,0.19129335944904258,0.09411563951591931,1.673673769837309,0.1089760036500119,1.0511528096616427,1.673673769837309,0.09411563951591931,1.0511528096616427,0.1089760036500119
E4_SKEW,0.0008278202330213036,0.10570154199056936,-0.08291081673562092,1.0623866739486616,0.1036385209195259,1.4258601856908784,1.0623866739486616,-0.08291081673562092,1.4258601856908784,0.1036385209195259
E4_VAR,0.06989438182302288,0.2459342619913536,0.01064671525068652,1.2099250720461099,0.13840729825892573,1.5649452449567725,1.2099250720461099,0.01064671525068652,1.5649452449567725,0.13840729825892573
E4_STD,0.16535700152637245,0.008459898080754535,0.40996273733739413,0.7642132074764959,0.16818984095893103,0.4149248979286064,0.7642132074764959,0.40996273733739413,0.4149248979286064,0.16818984095893103
E4_LOG_ENE_ENT,0.09123072762864326,0.014416942865515425,0.2236851130559269,0.6796605226960111,0.2828958782766134,0.40230371389270986,0.6796605226960111,0.2236851130559269,0.40230371389270986,0.2828958782766134
E4_BETA_ALPHA_RATIO,0.24040206463106972,0.1540053023627732,0.30804341005969105,0.8962981672932331,0.1415334586760743,0.402783129699248,0.8962981672932331,0.30804341005969105,0.402783129699248,0.1415334586760743
E4_BP_THETA,0.22583453030877365,0.13200509104295688,0.15602942371527498,0.9145243386384203,0.5090140216285197,0.5075194948634695,0.9145243386384203,0.15602942371527498,0.5075194948634695,0.5090140216285197
E5_BP_15.5_18.5,0.0007779846444417871,0.16160246546545864,-0.16531433201115833,0.9299011220006376,-0.17750597869013354,0.717784806176579,0.9299011220006376,-0.16531433201115833,0.717784806176579,-0.17750597869013354
E5_BP_8_10.5,0.08616994033004588,0.3573730128874799,-0.14674405056547743,0.9423959013980836,0.0071492322245434725,1.3856327422518873,0.9423959013980836,-0.14674405056547743,1.3856327422518873,0.0071492322245434725
E5_BP_10_15.5,0.11426018446674002,2.0243420680854385e-05,0.39581916931244393,0.7111729216197675,0.33628537274670645,0.33184815598879175,0.7111729216197675,0.39581916931244393,0.33184815598879175,0.33628537274670645
E5_BP_17.5_20.5,0.3018296911531062,0.154114436083445,0.2940765322525201,1.0885094724517583,0.2815304062576506,0.44246288015266766,1.0885094724517583,0.2940765322525201,0.44246288015266766,0.2815304062576506
E5_BP_12.5_30,0.24261125907859116,0.21137163376233103,-0.08681273747875085,1.0555405301209313,0.07826854732684366,1.3629992008593026,1.0555405301209313,-0.08681273747875085,1.3629992008593026,0.07826854732684366
E5_RTP,0.021082195208546706,0.19188958779954568,-0.12164952740585544,0.7985432423270669,-0.023252336161807545,1.359984756699053,0.7985432423270669,-0.12164952740585544,1.359984756699053,-0.023252336161807545
E5_SPEC_MOM,0.041002668951478194,0.3121643942024305,-0.08032545040268545,0.9590029774049731,0.02049638616004661,1.4195627613991053,0.9590029774049731,-0.08032545040268545,1.4195627613991053,0.02049638616004661
E5_SPEC_EDGE,0.04576478550128116,0.016991175173212802,0.3615446995901516,0.6865213539491004,0.296113333588447,0.3683273426199524,0.6865213539491004,0.3615446995901516,0.3683273426199524,0.296113333588447
E5_SPEC_ENT,0.016503754349294186,0.037091007214126614,0.23925425369834108,0.5878773416692767,0.3833431288720187,0.34489403887452796,0.5878773416692767,0.23925425369834108,0.34489403887452796,0.3833431288720187
E5_SLOPE,0.17199306287383587,0.06910059540226199,0.29434776894000453,0.8048532908758139,0.2548767951980051,0.37254293223431595,0.8048532908758139,0.29434776894000453,0.37254293223431595,0.2548767951980051
E5_INTERCEPT,0.11536830673709242,0.16120167220991022,0.18503892013350115,0.8216254978027026,0.4935015639179897,0.3434878036323469,0.8216254978027026,0.18503892013350115,0.3434878036323469,0.4935015639179897
E5_MEAN_FREQ,0.3451173228173726,0.43712720165002983,-0.15355726009877552,0.9629249237409228,-0.11310266104443549,1.0378148013556037,0.9629249237409228,-0.15355726009877552,1.0378148013556037,-0.11310266104443549
E5_OCC_BAND,0.30629991544679236,0.4948322565951846,-0.024935615522241272,1.0159138950104176,-0.11252583335014159,1.342654529302657,1.0159138950104176,-0.024935615522241272,1.342654529302657,-0.11252583335014159
E5_POWER_BAND,0.2483580190551804,0.0002944759848082512,0.385817805226666,0.8942639102676907,0.1459715992935603,0.41072441034641216,0.8942639102676907,0.385817805226666,0.41072441034641216,0.1459715992935603
E5_WLT_ENT,0.3805856754183372,0.06000452733060324,0.27834870948013946,1.084625708744408,0.23552656680703557,0.35886191780217425,1.084625708744408,0.27834870948013946,0.35886191780217425,0.23552656680703557
E5_KURT,0.3158852949830918,0.11177277116115802,0.09838805311254804,1.4243149107575936,0.12677466911238086,0.6607428897594556,1.4243149107575936,0.09838805311254804,0.6607428897594556,0.12677466911238086
E5_SKEW,0.2429379565521237,0.2154382475207114,-0.028331100115833778,0.9687864956622778,-0.024261860963130065,0.9672855045055876,0.9687864956622778,-0.028331100115833778,0.9672855045055876,-0.024261860963130065
E5_VAR,0.2839258027264763,0.3630828458180735,0.1435394080978396,1.2947188050584226,0.018074232036741012,0.894823035013648,1.2947188050584226,0.1435394080978396,0.894823035013648,0.018074232036741012
E5_STD,0.2530992737534943,0.026212929826046505,0.28247689519176195,1.0353155066512083,0.22901879467512357,0.3699266860466753,1.0353155066512083,0.28247689519176195,0.3699266860466753,0.22901879467512357
E5_LOG_ENE_ENT,0.2391577971991251,0.20822356267632147,0.31589932679296584,0.7309412771720145,0.2101626437642859,0.4677767854853253,0.7309412771720145,0.31589932679296584,0.4677767854853253,0.2101626437642859
E5_BETA_ALPHA_RATIO,0.32440187453553315,0.19468952545596419,0.2544170988848034,1.0706985984258015,0.1935644730356702,0.453850867062125,1.0706985984258015,0.2544170988848034,0.453850867062125,0.1935644730356702
E5_BP_THETA,0.29513866783851983,0.2648324289898286,0.17293505067345194,1.02781460248414,0.4306807935242283,0.4480214094460078,1.02781460248414,0.17293505067345194,0.4480214094460078,0.4306807935242283
E6_BP_15.5_18.5,0.3909342867309641,0.4176914618377233,0.21761944230431923,1.1651465075979606,0.09142247577810858,0.9039608348782779,1.1651465075979606,0.21761944230431923,0.9039608348782779,0.09142247577810858
E6_BP_8_10.5,0.1932990352506404,0.3834154929240037,0.0375826849728552,0.8128470291568581,0.13643206027065674,1.4069392872484738,0.8128470291568581,0.0375826849728552,1.4069392872484738,0.13643206027065674
E6_BP_10_15.5,0.11829314633305699,0.07553897408327914,-0.4568475562360669,0.46942031416546054,-0.16061790380442223,0.35662958237222686,0.46942031416546054,-0.4568475562360669,0.35662958237222686,-0.16061790380442223
E6_BP_17.5_20.5,0.36634762957403844,0.029991659706317453,-0.34170815213526484,0.5408897805954489,-0.2994178326024949,0.25950126581053745,0.5408897805954489,-0.34170815213526484,0.25950126581053745,-0.2994178326024949
E6_BP_12.5_30,0.28779204569495875,0.0889113408415797,-0.10457668171651677,0.9148310120770698,-0.11738855831686652,0.9882291952986944,0.9148310120770698,-0.10457668171651677,0.9882291952986944,-0.11738855831686652
E6_RTP,0.1294227274084533,0.16325328752248602,-0.05906922374511814,0.7402806809062442,0.09890545919275026,1.2571419821445948,0.7402806809062442,-0.05906922374511814,1.2571419821445948,0.09890545919275026
E6_SPEC_MOM,0.16650272807924382,0.22825096784615728,-0.16252022159526386,0.8628008228197374,-0.015168201374771918,1.2200996104076904,0.8628008228197374,-0.16252022159526386,1.2200996104076904,-0.015168201374771918
E6_SPEC_EDGE,0.13505513425351479,0.009500435433263399,-0.3901306345055674,0.3891516360947244,-0.20518102811645225,0.36027592506609724,0.3891516360947244,-0.3901306345055674,0.36027592506609724,-0.20518102811645225
E6_SPEC_ENT,0.09304502601663,0.03205163839839009,-0.40361776229587,0.2255265293425009,-0.21590508524928426,0.38748045371707984,0.2255265293425009,-0.40361776229587,0.38748045371707984,-0.21590508524928426
E6_SLOPE,0.2582952426998787,0.02148289525151903,-0.2783677795974694,0.5960675034621798,-0.24803995001105408,0.304323354119066,0.5960675034621798,-0.2783677795974694,0.304323354119066,-0.24803995001105408
E6_INTERCEPT,0.21300457043657262,0.06023954008109855,-0.3107027395797338,0.3514599361033609,-0.4423499590990317,0.4041138744541355,0.3514599361033609,-0.3107027395797338,0.4041138744541355,-0.4423499590990317
E6_MEAN_FREQ,0.0016056154535278866,0.17386105158836385,-0.12386080036774119,1.1781059486058718,-0.15720143916013854,0.6108415061010769,1.1781059486058718,-0.12386080036774119,0.6108415061010769,-0.15720143916013854
E6_OCC_BAND,0.08293559053320776,0.36674655338663975,-0.11577836336842251,1.0322127350402688,0.05426762081036118,1.4463712903487866,1.0322127350402688,-0.11577836336842251,1.4463712903487866,0.05426762081036118
E6_POWER_BAND,0.1688404335858833,0.0011608591313361227,0.4091078911444055,0.8189735242281537,0.27298520201106813,0.35337074759758047,0.8189735242281537,0.4091078911444055,0.35337074759758047,0.27298520201106813
E6_WLT_ENT,0.4040537879057501,0.16944769948143545,0.3381367373097065,1.0832350687318848,0.23149228285275605,0.4792217209765811,1.0832350687318848,0.3381367373097065,0.4792217209765811,0.23149228285275605
E6_KURT,0.22900563602737967,0.20812255197905827,-0.01999281472200038,1.2396118381719168,0.10519749543235297,1.2934191661501706,1.2396118381719168,-0.01999281472200038,1.2934191661501706,0.10519749543235297
E6_SKEW,0.01893421151470409,0.17659465512677452,-0.10222306336469042,0.9102157116130798,0.03144134893220894,1.376139574310868,0.9102157116130798,-0.10222306336469042,1.376139574310868,0.03144134893220894
E6_VAR,0.05622231590110782,0.3162812906726451,-0.04340526272877089,1.0457019063447663,0.07227021947353547,1.4794084808914496,1.0457019063447663,-0.04340526272877089,1.4794084808914496,0.07227021947353547
E6_STD,0.0996276166500909,0.010344388532731452,0.37000304303204,0.7293418422359103,0.23175551807141387,0.4670138910862323,0.7293418422359103,0.37000304303204,0.4670138910862323,0.23175551807141387
E6_LOG_ENE_ENT,0.05465104385374164,0.04221415637202053,0.2213507374991918,0.5709639086287578,0.3228245735996337,0.39349199064167845,0.5709639086287578,0.2213507374991918,0.39349199064167845,0.3228245735996337
E6_BETA_ALPHA_RATIO,0.24998425497658172,0.08300041824034765,0.305931518301787,0.9191627751137904,0.18601290903645218,0.39647494025500574,0.9191627751137904,0.305931518301787,0.39647494025500574,0.18601290903645218
E6_BP_THETA,0.20074307399346458,0.15953262506145327,0.1883098892731778,0.8886518878700311,0.485562776737413,0.426744829739732,0.8886518878700311,0.1883098892731778,0.426744829739732,0.485562776737413
E7_BP_15.5_18.5,0.05786085722352052,0.4342044713645117,-0.16554807522861542,0.859318770097483,-0.28706044086015836,1.0289259366709402,0.859318770097483,-0.16554807522861542,1.0289259366709402,-0.28706044086015836
E7_BP_8_10.5,0.1530926937548236,0.27586474677503725,-0.08133578303111501,0.747520865415264,-0.26455224774062047,1.23949161972469,0.747520865415264,-0.08133578303111501,1.23949161972469,-0.26455224774062047
E7_BP_10_15.5,0.1834416398908273,0.00016191787448260886,0.35070588069880565,0.2658592367255745,0.38437757738042266,0.11333217322171674,0.2658592367255745,0.35070588069880565,0.11333217322171674,0.38437757738042266
E7_BP_17.5_20.5,0.43861545872151575,0.33956669952226615,0.259188766292601,0.6588927756451192,0.3699356170170488,0.20732244876829173,0.6588927756451192,0.259188766292601,0.20732244876829173,0.3699356170170488
E7_BP_12.5_30,0.314107698485117,0.20214962659740987,-0.01793528831796868,0.8403959736099264,0.022073854452913256,1.1389454157830206,0.8403959736099264,-0.01793528831796868,1.1389454157830206,0.022073854452913256
E7_RTP,0.124148542224783,0.22048084958431347,0.020427378845325174,0.7127987804418325,-0.2538665872740965,1.2634631079849468,0.7127987804418325,0.020427378845325174,1.2634631079849468,-0.2538665872740965
E7_SPEC_MOM,0.06454833999718979,0.19859255608832393,0.07519168525032749,0.6798069920834762,-0.1330780365121639,1.3060568903056375,0.6798069920834762,0.07519168525032749,1.3060568903056375,-0.1330780365121639
E7_SPEC_EDGE,0.13067061799885504,0.14019633729588132,0.3419958251990074,0.36989609830737374,0.34334786197452455,0.09580165777555603,0.36989609830737374,0.3419958251990074,0.09580165777555603,0.34334786197452455
E7_SPEC_ENT,0.09528514614111994,0.21795182553969017,0.35668048365763344,0.269644586737697,0.3519121924803195,0.16050812728924485,0.269644586737697,0.35668048365763344,0.16050812728924485,0.3519121924803195
E7_SLOPE,0.26374232082956817,0.21063798894658792,0.2890029837038563,0.6077545291664664,0.3345320066175854,0.1352261578988722,0.6077545291664664,0.2890029837038563,0.1352261578988722,0.3345320066175854
E7_INTERCEPT,0.13942198064531297,0.35758289851843617,0.2946019667302662,0.38157026791804693,0.4118271008930196,0.20527227604290021,0.38157026791804693,0.2946019667302662,0.20527227604290021,0.4118271008930196
E7_MEAN_FREQ,0.013947991000580529,0.08148496230941593,0.1542303065804934,0.9269588940001532,0.15624849083508338,0.7098245809579706,0.9269588940001532,0.1542303065804934,0.7098245809579706,0.15624849083508338
E7_OCC_BAND,0.06453005093833131,0.3357318913848615,0.12430275227492064,0.9394350669740413,-0.03863747751851147,1.4477474970680673,0.9394350669740413,0.12430275227492064,1.4477474970680673,-0.03863747751851147
E7_POWER_BAND,0.06008144085567457,0.011411976269200541,-0.34550018223816326,0.6036616738136711,-0.4407346661745116,0.23495786843221075,0.6036616738136711,-0.34550018223816326,0.23495786843221075,-0.4407346661745116
E7_WLT_ENT,0.20021909588134734,0.14909900588720026,-0.22482541971521702,1.1675833849299173,-0.3521975556561853,0.401628724678707,1.1675833849299173,-0.22482541971521702,0.401628724678707,-0.3521975556561853
E7_KURT,0.23858206783693148,0.1913085669843282,0.134838511141059,0.9900416076294307,-0.056981196274256164,1.423154595479126,0.9900416076294307,0.134838511141059,1.423154595479126,-0.056981196274256164
E7_SKEW,0.010954137772694272,0.1715461369823682,0.15666782010650332,0.7430699068587823,0.008696266894903099,1.407304470864026,0.7430699068587823,0.15666782010650332,1.407304470864026,0.008696266894903099
E7_VAR,0.03351550247818891,0.2884594934522037,0.11660839147224471,0.9531038963252328,-0.010755865720045471,1.406411232762174,0.9531038963252328,0.11660839147224471,1.406411232762174,-0.010755865720045471
E7_STD,0.02110909941539363,0.021747982611572403,-0.329813931118823,0.6225818641782925,-0.37199079194327567,0.217511666711929,0.6225818641782925,-0.329813931118823,0.217511666711929,-0.37199079194327567
E7_LOG_ENE_ENT,0.003602925548246372,0.010819376385919455,-0.21894570333526886,0.5691705222133171,-0.45399100637774925,0.2008792386138519,0.5691705222133171,-0.21894570333526886,0.2008792386138519,-0.45399100637774925
E7_BETA_ALPHA_RATIO,0.11822347993471838,0.042116114537027016,-0.2999840933120128,0.7150999862521905,-0.3231454873834121,0.29201123026783504,0.7150999862521905,-0.2999840933120128,0.29201123026783504,-0.3231454873834121
E7_BP_THETA,0.08734680793023064,0.0846331340262717,-0.13457861937772386,0.8546308018953905,-0.5338092875332859,0.35195875594176734,0.8546308018953905,-0.13457861937772386,0.35195875594176734,-0.5338092875332859
E8_BP_15.5_18.5,0.3172479671313617,0.32710586264575525,-0.2103763357714755,1.1120105998035748,-0.11597177158922897,1.0987719719303288,1.1120105998035748,-0.2103763357714755,1.0987719719303288,-0.11597177158922897
E8_BP_8_10.5,0.08099739467136291,0.15020855471652605,0.04214803734153963,0.592400770626484,-0.2503574235922531,1.0604039128096974,0.592400770626484,0.04214803734153963,1.0604039128096974,-0.2503574235922531
E8_BP_10_15.5,0.06430907174384559,0.08096513669862904,0.4091854560352271,0.11974166963098014,0.3575294369628428,0.09393378886918229,0.11974166963098014,0.4091854560352271,0.09393378886918229,0.3575294369628428
E8_BP_17.5_20.5,0.14630539042034307,0.0647482967959605,0.29767822904009333,0.38501335157064825,0.41334689240549033,0.04214069595662152,0.38501335157064825,0.29767822904009333,0.04214069595662152,0.41334689240549033
E8_BP_12.5_30,0.19663944656349164,0.10642806708932795,0.07661179665431114,0.4324076189844409,0.036844895029989,0.5317093048228562,0.4324076189844409,0.07661179665431114,0.5317093048228562,0.036844895029989
E8_RTP,0.0625962925454927,0.07071883335630624,0.19755457231237733,0.41348631237860556,-0.34541402229642165,1.3779643320427089,0.41348631237860556,0.19755457231237733,1.3779643320427089,-0.34541402229642165
E8_SPEC_MOM,0.007674696300226658,0.08091527511782615,0.18898285859390251,0.46699579127941665,-0.18269459869236174,1.1127284140421314,0.46699579127941665,0.18898285859390251,1.1127284140421314,-0.18269459869236174
E8_SPEC_EDGE,0.032010184629586824,0.0057341907687427085,0.40151363340679563,0.1157713470446525,0.3513431675868167,0.05913685149879948,0.1157713470446525,0.40151363340679563,0.05913685149879948,0.3513431675868167
E8_SPEC_ENT,0.0001881222182388287,0.0005703405390605765,0.3954694492451299,0.0740205653288847,0.3814295252987916,0.05585166625332651,0.0740205653288847,0.3954694492451299,0.05585166625332651,0.3814295252987916
E8_SLOPE,0.14775455955771388,0.00016841159840774722,0.3230873688664457,0.23946999864710725,0.38089434078890105,0.06608438516075223,0.23946999864710725,0.3230873688664457,0.06608438516075223,0.38089434078890105
E8_INTERCEPT,0.005829702780314805,0.0432428841151653,0.32863647209969127,0.14761575528542495,0.44514154751509605,0.04942293489065865,0.14761575528542495,0.32863647209969127,0.04942293489065865,0.44514154751509605
E8_MEAN_FREQ,0.10235366410349345,0.45202589779858215,-0.028031604287083366,0.9732333504110671,-0.1900935557462799,0.4245033917504452,0.9732333504110671,-0.028031604287083366,0.4245033917504452,-0.1900935557462799
E8_OCC_BAND,0.05743143433872344,0.00020117601032554333,-0.055580220857740247,1.0719567301562785,-0.11212007202783221,0.6209147014458881,1.0719567301562785,-0.055580220857740247,0.6209147014458881,-0.11212007202783221
E8_POWER_BAND,0.23207870491457205,0.0008072076883179902,0.22161011138331607,1.4714478266526057,-0.14960493519215645,0.33866745525768005,1.4714478266526057,0.22161011138331607,0.33866745525768005,-0.14960493519215645
E8_WLT_ENT,0.023863805867329724,0.0821806738334131,0.22158933163340228,1.4682227280819826,-0.12146905547879334,0.355551636938206,1.4682227280819826,0.22158933163340228,0.355551636938206,-0.12146905547879334
E8_KURT,0.018892359930012592,0.03790861987305216,-0.1409956429257361,0.466447558813912,-0.07461654377968933,0.914919754587625,0.466447558813912,-0.1409956429257361,0.914919754587625,-0.07461654377968933
E8_SKEW,0.04184990591045601,0.00023288814948152492,-0.18291718475155747,0.8716941738959285,-0.051293050436870734,0.970421180003114,0.8716941738959285,-0.18291718475155747,0.970421180003114,-0.051293050436870734
E8_VAR,0.14044642037110966,0.050966633936829764,0.022825250919961158,1.131513625027161,-0.10444497899301126,0.7827113303564299,1.131513625027161,0.022825250919961158,0.7827113303564299,-0.10444497899301126
E8_STD,0.18796118878036894,0.06126871026534586,0.21867887247308365,0.8597589792387641,-0.1756416961046084,0.510966105484606,0.8597589792387641,0.21867887247308365,0.510966105484606,-0.1756416961046084
E8_LOG_ENE_ENT,0.1527219963442895,0.013449668654196167,0.10984767082315687,0.6527554379224767,-0.22988573296732406,0.5530054546063528,0.6527554379224767,0.10984767082315687,0.5530054546063528,-0.22988573296732406
E8_BETA_ALPHA_RATIO,0.04750204288044091,0.057652511158434616,0.25806246231937385,0.9280897455822764,-0.2397059219637549,0.5168093732828074,0.9280897455822764,0.25806246231937385,0.5168093732828074,-0.2397059219637549
E8_BP_THETA,0.010853891755588596,0.10137066350427593,0.2833036573586437,1.182083724750633,-0.2985529477359573,0.3593974281236235,1.182083724750633,0.2833036573586437,0.3593974281236235,-0.2985529477359573
E9_BP_15.5_18.5,0.020034734865689074,0.0022581609283552906,-0.1792069191776176,1.2315279806816406,-0.05629375968316832,0.4953082436300182,1.2315279806816406,-0.1792069191776176,0.4953082436300182,-0.05629375968316832
E9_BP_8_10.5,0.00023355882487707813,0.0006218224273881745,0.24324577770216882,1.1130836720868795,-0.030158153162772428,0.5999053692368744,1.1130836720868795,0.24324577770216882,0.5999053692368744,-0.030158153162772428
E9_BP_10_15.5,0.000792590308424157,0.2701254485484922,0.2573445750661242,1.0288626160313936,0.14248450093255138,0.6597389973801067,1.0288626160313936,0.2573445750661242,0.6597389973801067,0.14248450093255138
E9_BP_17.5_20.5,0.036807974515057684,0.1826892271238033,-0.22877543114581486,0.9180640088300305,0.3289539897019028,1.0094334323730771,0.9180640088300305,-0.22877543114581486,1.0094334323730771,0.3289539897019028
E9_BP_12.5_30,0.0006095012269256017,0.04861070490683883,-0.048099398859739295,0.6041845264285144,0.24429032395192135,1.1547514887172907,0.6041845264285144,-0.048099398859739295,1.1547514887172907,0.24429032395192135
E9_RTP,0.04749306405714726,0.07073021298876836,-0.0783966651527456,0.7185455127737868,0.17961198057839903,0.9318566459244513,0.7185455127737868,-0.0783966651527456,0.9318566459244513,0.17961198057839903
E9_SPEC_MOM,0.05702639150578048,0.2240531338958791,0.059416979198545404,0.9106334105686628,0.28311746616742317,0.9020068990731058,0.9106334105686628,0.059416979198545404,0.9020068990731058,0.28311746616742317
E9_SPEC_EDGE,0.002031050165454573,0.05299580089971767,-0.004066235152980357,1.0623347103498613,0.19295527723593428,0.603316404001095,1.0623347103498613,-0.004066235152980357,0.603316404001095,0.19295527723593428
E9_SPEC_ENT,0.0019886107381741347,0.14459044003150046,-0.0032734643396368722,0.9187613256412547,0.25731611050453285,0.6098796956529469,0.9187613256412547,-0.0032734643396368722,0.6098796956529469,0.25731611050453285
E9_SLOPE,0.006331694660330567,0.047622412358848565,-0.09991400208678411,0.9951526424196651,0.2534307012099011,0.7301789308069017,0.9951526424196651,-0.09991400208678411,0.7301789308069017,0.2534307012099011
E9_INTERCEPT,0.03515704490863525,0.07954029254363437,-0.10793168152488701,1.1881060419043226,0.2791659441795435,0.5038763249848831,1.1881060419043226,-0.10793168152488701,0.5038763249848831,0.2791659441795435
E9_MEAN_FREQ,0.3027248945949539,0.3462295468554646,0.21347788351595448,1.1358400868171836,0.12638182846798987,1.06957332081732,1.1358400868171836,0.21347788351595448,1.06957332081732,0.12638182846798987
E9_OCC_BAND,0.08234041934699665,0.16779889281887062,-0.019085907724416436,0.6113785052129722,0.2560054157836736,1.0947202509701899,0.6113785052129722,-0.019085907724416436,1.0947202509701899,0.2560054157836736
E9_POWER_BAND,0.05384109403466153,0.08126202470181099,-0.4170191640189288,0.12085741247451773,-0.3553824014522017,0.10702717328461826,0.12085741247451773,-0.4170191640189288,0.10702717328461826,-0.3553824014522017
E9_WLT_ENT,0.1523961171924283,0.06634026741077292,-0.3005085061949698,0.39468954955181373,-0.4149265529809643,0.04733690409671872,0.39468954955181373,-0.3005085061949698,0.04733690409671872,-0.4149265529809643
E9_KURT,0.19287668686654935,0.11454301951831902,-0.06967654628277416,0.4802897067032337,-0.03666389113358626,0.5996819176763057,0.4802897067032337,-0.06967654628277416,0.5996819176763057,-0.03666389113358626
E9_SKEW,0.062223214391625814,0.0825433373013188,-0.17834478881797283,0.44228381222397567,0.34336128241869013,1.3753551542845694,0.44228381222397567,-0.17834478881797283,1.3753551542845694,0.34336128241869013
E9_VAR,0.007906470689523215,0.0946195342345677,-0.1802733043463777,0.49098988668828525,0.1758983917281473,1.1352799459160752,0.49098988668828525,-0.1802733043463777,1.1352799459160752,0.1758983917281473
E9_STD,0.024242515310147428,0.0026235225959774233,-0.40541611610044737,0.12699001848252175,-0.35202203101023777,0.06871135649165366,0.12699001848252175,-0.40541611610044737,0.06871135649165366,-0.35202203101023777
E9_LOG_ENE_ENT,0.00019120142480444358,0.0010355720011008263,-0.3957919259367145,0.08425431486693583,-0.3810069808790094,0.0634091729334999,0.08425431486693583,-0.3957919259367145,0.0634091729334999,-0.3810069808790094
E9_BETA_ALPHA_RATIO,0.1463017791690664,0.0020895916350588406,-0.32588008021667514,0.24308164867147672,-0.38153906255211456,0.06748038300454877,0.24308164867147672,-0.32588008021667514,0.06748038300454877,-0.38153906255211456
E9_BP_THETA,0.005749836914957118,0.03336702485779108,-0.3312380593793703,0.1623745559002307,-0.44776461597670575,0.05982002676256533,0.1623745559002307,-0.3312380593793703,0.05982002676256533,-0.44776461597670575
E10_BP_15.5_18.5,0.29485031209881174,0.46899081066166914,0.2352374461953648,1.0849773716271418,0.16054002540423398,0.996026425470955,1.0849773716271418,0.2352374461953648,0.996026425470955,0.16054002540423398
E10_BP_8_10.5,0.1263952896643784,0.24069062711147282,0.04888681862651073,0.6724711870172663,0.2263608017626614,1.2139184631835758,0.6724711870172663,0.04888681862651073,1.2139184631835758,0.2263608017626614
E10_BP_10_15.5,0.0596089455500316,0.0765733788964772,-0.4366681139322166,0.20623666806693905,-0.34515263725843726,0.1665980888190965,0.20623666806693905,-0.4366681139322166,0.1665980888190965,-0.34515263725843726
E10_BP_17.5_20.5,0.2133968342154018,0.07607128371789207,-0.3137277757069591,0.4754242192132514,-0.40706065685268494,0.1067593230889123,0.4754242192132514,-0.3137277757069591,0.1067593230889123,-0.40706065685268494
E10_BP_12.5_30,0.23000465989817087,0.13934454884221803,-0.036638066078350545,0.7357143662890742,-0.04088949890458038,0.9521637612231956,0.7357143662890742,-0.036638066078350545,0.9521637612231956,-0.04088949890458038
E10_RTP,0.06994705881163199,0.1416281984692367,-0.10398123170297117,0.5539069360917234,0.27255070370790246,1.3804323392128937,0.5539069360917234,-0.10398123170297117,1.3804323392128937,0.27255070370790246
E10_SPEC_MOM,0.024783900661730307,0.16704679133911626,-0.12385357216725397,0.5925959841678272,0.12711018127719895,1.300636026465873,0.5925959841678272,-0.12385357216725397,1.300636026465873,0.12711018127719895
E10_SPEC_EDGE,0.020409009475106488,0.004188953163308806,-0.4157666390690273,0.20659256630387554,-0.32866075802974676,0.12934335558838658,0.20659256630387554,-0.4157666390690273,0.12934335558838658,-0.32866075802974676
E10_SPEC_ENT,0.0003050422444873524,0.0008193334059700685,-0.39395606881517264,0.1431026430826941,-0.3700921503293491,0.12174427863241259,0.1431026430826941,-0.39395606881517264,0.12174427863241259,-0.3700921503293491
E10_SLOPE,0.15060501238740653,0.0029789445135427473,-0.31788048135129776,0.33055294081251746,-0.35935969419412656,0.12273205394445133,0.33055294081251746,-0.31788048135129776,0.12273205394445133,-0.35935969419412656
E10_INTERCEPT,0.014135972438379385,0.03009800105515059,-0.3217539562419097,0.2440495021298633,-0.465731250326623,0.11906547085380699,0.2440495021298633,-0.3217539562419097,0.11906547085380699,-0.465731250326623
E10_MEAN_FREQ,0.15167187734837184,0.39115103819826136,0.24263409628824312,1.0783486420694968,0.2540911392074946,0.8753074827629284,1.0783486420694968,0.24263409628824312,0.8753074827629284,0.2540911392074946
E10_OCC_BAND,0.05007148262723793,0.3106294927515415,0.15959603413231457,0.8786693624360662,0.14550704718836666,1.3422381808721306,0.8786693624360662,0.15959603413231457,1.3422381808721306,0.14550704718836666
E10_POWER_BAND,0.00862713016687433,0.015351295186143421,-0.49176372722077233,0.1578742639765039,-0.2794018621762164,0.21418417881410717,0.1578742639765039,-0.49176372722077233,0.21418417881410717,-0.2794018621762164
E10_WLT_ENT,0.19263171279719438,0.06196609547571419,-0.2858225259877942,0.44835583115639166,-0.3659267039696209,0.1495348938784531,0.44835583115639166,-0.2858225259877942,0.1495348938784531,-0.3659267039696209
E10_KURT,0.1290521479745329,0.14152158202737075,-0.0041855754258527085,0.8293279056448414,-0.044468447445035066,1.1578116158810219,0.8293279056448414,-0.0041855754258527085,1.1578116158810219,-0.044468447445035066
E10_SKEW,0.025574026414825868,0.13938161517546976,0.04820999132090621,0.756977159525546,0.1705950430771792,1.2857919871509211,0.756977159525546,0.04820999132090621,1.2857919871509211,0.1705950430771792
E10_VAR,2.3045868385862534e-06,0.22534602498735035,-0.0983122974274188,0.8071403643628727,0.0710421068636943,1.246037682931036,0.8071403643628727,-0.0983122974274188,1.246037682931036,0.0710421068636943
E10_STD,0.00020917456869540274,0.007002401411482673,-0.41895618708623894,0.22178739369052608,-0.2701652724581258,0.21794326086316387,0.22178739369052608,-0.41895618708623894,0.21794326086316387,-0.2701652724581258
E10_LOG_ENE_ENT,0.030291775412309208,0.031304336634558894,-0.3696428205012493,0.14798830280828182,-0.2794447500407483,0.17782839281026325,0.14798830280828182,-0.3696428205012493,0.17782839281026325,-0.2794447500407483
E10_BETA_ALPHA_RATIO,0.1212250605456584,0.06352055829289183,-0.31468354674532106,0.3108601566530516,-0.2848856278389643,0.17993925875878242,0.3108601566530516,-0.31468354674532106,0.17993925875878242,-0.2848856278389643
E10_BP_THETA,0.0055313287543481415,0.0015806459862657274,-0.32745534223962736,0.3201685428119871,-0.3895501366196711,0.2334102402622043,0.3201685428119871,-0.32745534223962736,0.2334102402622043,-0.3895501366196711
E11_BP_15.5_18.5,0.0065481155973035055,0.05561628619737813,0.2517348725902906,2.7205025942450973,-0.13305050629084256,0.10655764827768795,2.7205025942450973,0.2517348725902906,0.10655764827768795,-0.13305050629084256
E11_BP_8_10.5,0.05247890696971702,9.532500964470891e-06,0.2684183543487517,1.0400731937297178,-0.20508266813993234,0.9842147006163966,1.0400731937297178,0.2684183543487517,0.9842147006163966,-0.20508266813993234
E11_BP_10_15.5,0.14416337160660053,0.045573435581309996,0.051401745594108,1.0921694351424196,-0.3628332743111746,0.6847177214364555,1.0921694351424196,0.051401745594108,0.6847177214364555,-0.3628332743111746
E11_BP_17.5_20.5,0.1684954103785573,0.01994171821725632,0.14948872917600653,1.8934775058403743,-0.4243424361620409,0.08842911548519858,1.8934775058403743,0.14948872917600653,0.08842911548519858,-0.4243424361620409
E11_BP_12.5_30,0.047736649647165064,0.0037794956116832257,0.016622289567892357,1.1488094287704458,-0.41402114407222806,0.5687909562871416,1.1488094287704458,0.016622289567892357,0.5687909562871416,-0.41402114407222806
E11_RTP,0.08695343997548577,0.04791174391838371,0.20696941023937948,0.9320074950532964,-0.523440724547652,0.0735169274625193,0.9320074950532964,0.20696941023937948,0.0735169274625193,-0.523440724547652
E11_SPEC_MOM,0.1455844616671227,0.12243765526609862,-0.02399304600333597,0.7533165631156159,-0.3472204111120677,0.6147484201755704,0.7533165631156159,-0.02399304600333597,0.6147484201755704,-0.3472204111120677
E11_SPEC_EDGE,0.12888548995266214,0.1502106865852163,0.0830741073525263,1.1540009529767357,-0.4202260371410638,0.5062009660291901,1.1540009529767357,0.0830741073525263,0.5062009660291901,-0.4202260371410638
E11_SPEC_ENT,0.09864450241728451,0.13003905703461682,0.002517602269017305,0.5526518741151065,-0.19806485715005492,1.3350081787452215,0.5526518741151065,0.002517602269017305,1.3350081787452215,-0.19806485715005492
E11_SLOPE,0.0065432355745287385,0.015365761184863214,0.33796941729654717,1.341540234971847,-0.46343685750964037,0.2791115553006985,1.341540234971847,0.33796941729654717,0.2791115553006985,-0.46343685750964037
E11_INTERCEPT,0.0930925175853391,0.060808812200750295,-0.020808145724196668,0.7728476786332019,-0.2638517171935139,0.7420979119536678,0.7728476786332019,-0.020808145724196668,0.7420979119536678,-0.2638517171935139
E11_MEAN_FREQ,0.2618719615384617,0.09118927585486525,0.18110462489258616,1.2590497591849603,0.06260055993706691,1.3049049124676042,1.2590497591849603,0.18110462489258616,1.3049049124676042,0.06260055993706691
E11_OCC_BAND,0.0019935475523275015,0.012255578863239691,0.21332224124493723,1.2053703503055264,0.0522791132131923,0.8591963904400297,1.2053703503055264,0.21332224124493723,0.8591963904400297,0.0522791132131923
E11_POWER_BAND,0.0038581694604782335,0.018290378190487178,-0.2470706569235567,0.9459639089330883,-0.1736846068035436,0.7258507751731677,0.9459639089330883,-0.2470706569235567,0.7258507751731677,-0.1736846068035436
E11_WLT_ENT,0.004178794967021671,1.8458271055510345e-05,-0.17681424003738064,1.034512220585491,-0.2614490773109105,0.5262702329404201,1.034512220585491,-0.17681424003738064,0.5262702329404201,-0.2614490773109105
E11_KURT,0.07309402963069223,0.025268605910153008,-0.21548827707959628,0.5519727261181371,-0.3163183386204772,0.5730487981711747,0.5519727261181371,-0.21548827707959628,0.5730487981711747,-0.3163183386204772
E11_SKEW,0.10399920331262358,0.03524640239710075,-0.05157660219118806,0.9196296929057018,-0.20043581068660637,0.5853736945073076,0.9196296929057018,-0.05157660219118806,0.5853736945073076,-0.20043581068660637
E11_VAR,0.11293948640218032,0.03704553775122921,-0.18783089035182507,0.20041411316691654,-0.2097086088580819,0.3233235792005214,0.20041411316691654,-0.18783089035182507,0.3233235792005214,-0.2097086088580819
E11_STD,0.020003599618045098,0.01507575273918249,-0.28091408400141193,0.8808431750939153,-0.10277729097673452,0.9036074308603377,0.8808431750939153,-0.28091408400141193,0.9036074308603377,-0.10277729097673452
E11_LOG_ENE_ENT,0.06682977655559252,0.008474254660335467,-0.2791505290315482,0.7609361698153898,-0.12629269286806258,0.9643008053504779,0.7609361698153898,-0.2791505290315482,0.9643008053504779,-0.12629269286806258
E11_BETA_ALPHA_RATIO,0.03153967816681125,0.00478190448798721,-0.07387291585979372,1.034042626394561,-0.22089190435391778,0.7623465680285784,1.034042626394561,-0.07387291585979372,0.7623465680285784,-0.22089190435391778
E11_BP_THETA,0.10203809840832001,0.004852090290429212,-0.09850114864524642,1.0157157826732335,-0.4110942068331515,0.6433400043020102,1.0157157826732335,-0.09850114864524642,0.6433400043020102,-0.4110942068331515
